type;naam;bedrag
alcoholische;Heineken krat;€ 15,00
alcoholische;Afligem blond fles;€ 3,75
alcoholische;Bier flesje;€ 2,75
alcoholische;Bier tapje;€ 2,75
alcoholische;Meter Bier;€ 2,50
alcoholische;Krat Hertog Jan;€ 18,14
alcoholische;Afligem Blond fes 0.0%;€ 3,75
alcoholvrij;Bier 0.0%;€ 2,50
alcoholvrij;Brand 0.0%;€ 3,75
alcoholvrij;Radler 0.0%;€ 2,50
Frisdrank;7 up;€ 2,50
Frisdrank;Appelsap;€ 2,50
Frisdrank;Bitter lemon;€ 2,50
Frisdrank;Cassis;€ 2,00
Frisdrank;Chocomel;€ 2,25
Frisdrank;Cola;€ 2,25
Frisdrank;Cola light;€ 2,25
Frisdrank;Cola zero;€ 2,25
Frisdrank;Fristi;€ 2,25
Frisdrank;Ice tea green;€ 2,25
Frisdrank;Icetea;€ 2,25
Frisdrank;Jus d' Orange;€ 2,50
Frisdrank;Rivella;€ 2,25
Frisdrank;Sinas;€ 2,25
Frisdrank;Spa blauw;€ 2,25
Frisdrank;Spa rood;€ 2,25
Frisdrank;Tomaten sap;€ 2,25
Frisdrank;Tonic;€ 2,25
Frisdrank;Frisdank diverse;€ 2,50
Frisdrank;Frisdrank Soos;€ 1,00
Frisdrank;Fles Frisdrank;€ 2,50
Frisdrank;aanmaak;€ 1,00
Koffie, thee en warm;Koffie;€ 2,00
Koffie, thee en warm;Thee;€ 1,75
Snoep;Chips Bolonege;€ 1,00
Snoep;Chips Cheese Union;€ 1,00
Snoep;Chips Naturel;€ 1,00
Snoep;Chips paperika;€ 1,00
Snoep;Haribo snoepzakje;€ 1,80
Snoep;Kitkat;€ 1,80
Snoep;M&M bruin;€ 1,80
Snoep;M&M geel;€ 1,80
Snoep;Mars;€ 1,80
Snoep;Twix;€ 1,80
Snoep;Zakje Popcorn;€ 1,00
Sterke drank;Advokaat;€ 2,50
Sterke drank;Citroen brandewijn;€ 3,50
Sterke drank;Cola Barcardi;€ 5,00
Sterke drank;Flugel;€ 2,50
Sterke drank;Jagemeister;€ 2,75
Sterke drank;Jenever jong;€ 2,50
Sterke drank;Oude jenever;€ 2,50
Sterke drank;Smirnoff;€ 4,50
Sterke drank;Whiskey;€ 4,00
Warme snacks;Bitterballen 12 stuks;€ 6,00
Warme snacks;Bitterballen 5 stuks;€ 3,00
Warme snacks;Bittergarnituur 12 stuks;€ 6,00
Warme snacks;Bittergarnituur 5 stuks;€ 3,00
Warme snacks;Broodje knakworst;€ 2,50
Warme snacks;Friet;€ 2,50
Warme snacks;Frikandel;€ 2,25
Warme snacks;Kroket;€ 2,25
Warme snacks;Snacks;€ 0,40
Warme snacks;Broodje kroket;€ 2,75
Warme snacks;Kop Soep;€ 2,50
Warme snacks;Bitterballen;€ 0,75
Warme snacks;Vis;€ 160,00
Warme snacks;Hapjes;€ 60,00
Warme snacks;Kipnuggets;€ 27,50
Warme snacks;Friet;€ 2,75
Wijn, port en mix;Droge witte wijn;€ 3,75
Wijn, port en mix;Rode port;€ 3,00
Wijn, port en mix;Rode wijn;€ 3,75
Wijn, port en mix;Rose;€ 3,75
Wijn, port en mix;Witte wijn;€ 3,75
Wijn, port en mix;Mix;€ 5,00
;;
;;
;;
;;
;;
;;
;;
;;
;;
;;
;;
;;
;;
;;
;;
;;
;;
;;
;;
;;
;;
;;
;;
;;
;;
;;
;;
;;
;;
;;
;;
;;
;;
;;
;;
;;
;;
;;
;;
;;
;;
;;
;;
;;
;;
;;
;;
;;
;;
;;
;;
;;
